Looney Tunes Golden Collection Volume 1 Disc 1 T01,Looney Tunes - S1946E02 - Baseball Bugs
Looney Tunes Golden Collection Volume 1 Disc 1 T02,Looney Tunes - S1952E23 - Rabbit Seasoning
Looney Tunes Golden Collection Volume 1 Disc 1 T03,Looney Tunes - S1949E16 - Long-Haired Hare
Looney Tunes Golden Collection Volume 1 Disc 1 T04,Looney Tunes - S1949E11 - High Diving Hare
Looney Tunes Golden Collection Volume 1 Disc 1 T05,Looney Tunes - S1953E19 - Bully for Bugs
Looney Tunes Golden Collection Volume 1 Disc 1 T06,Looney Tunes - S1950E15 - What's Up Doc_
Looney Tunes Golden Collection Volume 1 Disc 1 T07,Looney Tunes - S1952E27 - Rabbit's Kin
Looney Tunes Golden Collection Volume 1 Disc 1 T08,"Looney Tunes - S1952E11 - Water, Water Every Hare"
Looney Tunes Golden Collection Volume 1 Disc 1 T09,Looney Tunes - S1950E10 - Big House Bunny
Looney Tunes Golden Collection Volume 1 Disc 1 T10,Looney Tunes - S1951E27 - Big Top Bunny
Looney Tunes Golden Collection Volume 1 Disc 1 T11,Looney Tunes - S1948E32 - My Bunny Lies over the Sea
Looney Tunes Golden Collection Volume 1 Disc 1 T12,Looney Tunes - S1941E40 - Wabbit Twouble
Looney Tunes Golden Collection Volume 1 Disc 1 T13,Looney Tunes - S1951E23 - Ballot Box Bunny
Looney Tunes Golden Collection Volume 1 Disc 1 T14,Looney Tunes - S1950E30 - Rabbit of Seville
Looney Tunes Golden Collection Volume 1 Disc 2 T01,Looney Tunes - S1953E06 - Duck Amuck
Looney Tunes Golden Collection Volume 1 Disc 2 T02,Looney Tunes - S1949E23 - Dough for the Do-Do
Looney Tunes Golden Collection Volume 1 Disc 2 T03,Looney Tunes - S1951E26 - Drip-Along Daffy
Looney Tunes Golden Collection Volume 1 Disc 2 T04,Looney Tunes - S1948E33 - Scaredy Cat
Looney Tunes Golden Collection Volume 1 Disc 2 T05,Looney Tunes - S1950E21 - The Ducksters
Looney Tunes Golden Collection Volume 1 Disc 2 T06,Looney Tunes - S1950E06 - The Scarlet Pumpernickel
Looney Tunes Golden Collection Volume 1 Disc 2 T07,Looney Tunes - S1943E14 - Yankee Doodle Daffy
Looney Tunes Golden Collection Volume 1 Disc 2 T08,Looney Tunes - S1949E05 - Porky Chops
Looney Tunes Golden Collection Volume 1 Disc 2 T09,Looney Tunes - S1951E17 - The Wearing of the Grin
Looney Tunes Golden Collection Volume 1 Disc 2 T10,"Looney Tunes - S1956E23 - Deduce, You Say"
Looney Tunes Golden Collection Volume 1 Disc 2 T11,Looney Tunes - S1950E03 - Boobs in the Woods
Looney Tunes Golden Collection Volume 1 Disc 2 T12,Looney Tunes - S1950E18 - Golden Yeggs
Looney Tunes Golden Collection Volume 1 Disc 2 T13,Looney Tunes - S1951E13 - Rabbit Fire
Looney Tunes Golden Collection Volume 1 Disc 2 T14,Looney Tunes - S1953E18 - Duck Dodgers in the 24th Century
Looney Tunes Golden Collection Volume 1 Disc 3 T01,Looney Tunes - S1940E07 - Elmer's Candid Camera
Looney Tunes Golden Collection Volume 1 Disc 3 T02,Looney Tunes - S1944E05 - Bugs Bunny and the Three Bears
Looney Tunes Golden Collection Volume 1 Disc 3 T03,Looney Tunes - S1949E24 - Fast and Furry-ous
Looney Tunes Golden Collection Volume 1 Disc 3 T04,Looney Tunes - S1946E10 - Hair-Raising Hare
Looney Tunes Golden Collection Volume 1 Disc 3 T05,Looney Tunes - S1949E04 - Awful Orphan
Looney Tunes Golden Collection Volume 1 Disc 3 T06,Looney Tunes - S1948E19 - Haredevil Hare
Looney Tunes Golden Collection Volume 1 Disc 3 T07,Looney Tunes - S1949E29 - For Scent-imental Reasons
Looney Tunes Golden Collection Volume 1 Disc 3 T08,Looney Tunes - S1949E26 - Frigid Hare
Looney Tunes Golden Collection Volume 1 Disc 3 T09,Looney Tunes - S1950E09 - The Hypo-Chondri-Cat
Looney Tunes Golden Collection Volume 1 Disc 3 T10,Looney Tunes - S1959E01 - Baton Bunny
Looney Tunes Golden Collection Volume 1 Disc 3 T11,Looney Tunes - S1952E03 - Feed the Kitty
Looney Tunes Golden Collection Volume 1 Disc 3 T12,Looney Tunes - S1953E01 - Don't Give Up the Sheep
Looney Tunes Golden Collection Volume 1 Disc 3 T13,Looney Tunes - S1942E22 - Bugs Bunny Gets the Boid
Looney Tunes Golden Collection Volume 1 Disc 3 T14,Looney Tunes - S1943E04 - Tortoise Wins by a Hare
Looney Tunes Golden Collection Volume 1 Disc 4 T01,Looney Tunes - S1950E24 - Canary Row
Looney Tunes Golden Collection Volume 1 Disc 4 T02,Looney Tunes - S1950E23 - Bunker Hill Bunny
Looney Tunes Golden Collection Volume 1 Disc 4 T03,Looney Tunes - S1948E29 - Kit for Cat
Looney Tunes Golden Collection Volume 1 Disc 4 T04,Looney Tunes - S1951E05 - Putty Tat Trouble
Looney Tunes Golden Collection Volume 1 Disc 4 T05,Looney Tunes - S1954E07 - Bugs and Thugs
Looney Tunes Golden Collection Volume 1 Disc 4 T06,Looney Tunes - S1951E03 - Canned Feud
Looney Tunes Golden Collection Volume 1 Disc 4 T07,Looney Tunes - S1955E16 - Lumber Jerks
Looney Tunes Golden Collection Volume 1 Disc 4 T08,Looney Tunes - S1955E23 - Speedy Gonzales
Looney Tunes Golden Collection Volume 1 Disc 4 T09,Looney Tunes - S1951E22 - Tweety's SOS
Looney Tunes Golden Collection Volume 1 Disc 4 T10,Looney Tunes - S1948E26 - The Foghorn Leghorn
Looney Tunes Golden Collection Volume 1 Disc 4 T11,Looney Tunes - S1949E08 - Daffy Duck Hunt
Looney Tunes Golden Collection Volume 1 Disc 4 T12,Looney Tunes - S1951E12 - Early to Bet
Looney Tunes Golden Collection Volume 1 Disc 4 T13,Looney Tunes - S1959E18 - A Broken Leghorn
Looney Tunes Golden Collection Volume 1 Disc 4 T14,Looney Tunes - S1954E15 - Devil May Hare
Looney Tunes Golden Collection Volume 2 Disc 1 T01,Looney Tunes - S1946E21 - The Big Snooze
Looney Tunes Golden Collection Volume 2 Disc 1 T02,Looney Tunes - S1956E05 - Broom-Stick Bunny
Looney Tunes Golden Collection Volume 2 Disc 1 T03,Looney Tunes - S1948E15 - Bugs Bunny Rides Again
Looney Tunes Golden Collection Volume 2 Disc 1 T04,Looney Tunes - S1951E07 - Bunny Hugged
Looney Tunes Golden Collection Volume 2 Disc 1 T05,Looney Tunes - S1951E16 - French Rarebit
Looney Tunes Golden Collection Volume 2 Disc 1 T06,Looney Tunes - S1948E01 - Gorilla My Dreams
Looney Tunes Golden Collection Volume 2 Disc 1 T07,Looney Tunes - S1942E35 - The Hare-Brained Hypnotist
Looney Tunes Golden Collection Volume 2 Disc 1 T08,Looney Tunes - S1945E13 - Hare Conditioned
Looney Tunes Golden Collection Volume 2 Disc 1 T09,Looney Tunes - S1941E23 - The Heckling Hare
Looney Tunes Golden Collection Volume 2 Disc 1 T10,Looney Tunes - S1944E01 - Little Red Riding Rabbit
Looney Tunes Golden Collection Volume 2 Disc 1 T11,Looney Tunes - S1941E09 - Tortoise Beats Hare
Looney Tunes Golden Collection Volume 2 Disc 1 T12,Looney Tunes - S1947E08 - Rabbit Transit
Looney Tunes Golden Collection Volume 2 Disc 1 T13,Looney Tunes - S1947E19 - Slick Hare
Looney Tunes Golden Collection Volume 2 Disc 1 T14,Looney Tunes - S1954E30 - Baby Buggy Bunny
Looney Tunes Golden Collection Volume 2 Disc 1 T15,Looney Tunes - S1955E21 - Hyde and Hare
Looney Tunes Golden Collection Volume 2 Disc 2 T01,Looney Tunes - S1952E08 - Beep Beep
Looney Tunes Golden Collection Volume 2 Disc 2 T02,Looney Tunes - S1952E12 - Going! Going! Gosh!
Looney Tunes Golden Collection Volume 2 Disc 2 T03,Looney Tunes - S1953E23 - Zipping Along
Looney Tunes Golden Collection Volume 2 Disc 2 T04,Looney Tunes - S1954E20 - Stop! Look! and Hasten!
Looney Tunes Golden Collection Volume 2 Disc 2 T05,Looney Tunes - S1955E11 - Ready Set Zoom!
Looney Tunes Golden Collection Volume 2 Disc 2 T06,Looney Tunes - S1955E29 - Guided Muscle
Looney Tunes Golden Collection Volume 2 Disc 2 T07,Looney Tunes - S1956E11 - Gee Whiz-z-z-z-z-z-z
Looney Tunes Golden Collection Volume 2 Disc 2 T08,Looney Tunes - S1956E26 - There They GO-GO-GO!
Looney Tunes Golden Collection Volume 2 Disc 2 T09,Looney Tunes - S1957E03 - Scrambled Aches
Looney Tunes Golden Collection Volume 2 Disc 2 T10,Looney Tunes - S1957E19 - Zoom and Bored
Looney Tunes Golden Collection Volume 2 Disc 2 T11,"Looney Tunes - S1958E07 - Whoa, Be-Gone!"
Looney Tunes Golden Collection Volume 2 Disc 2 T12,Looney Tunes - S1951E20 - Cheese Chasers
Looney Tunes Golden Collection Volume 2 Disc 2 T13,Looney Tunes - S1942E31 - The Dover Boys
Looney Tunes Golden Collection Volume 2 Disc 2 T14,Looney Tunes - S1949E10 - Mouse Wreckers
Looney Tunes Golden Collection Volume 2 Disc 2 T15,Looney Tunes - S1951E24 - A Bear for Punishment
Looney Tunes Golden Collection Volume 2 Disc 3 T01,Looney Tunes - S1949E19 - Bad Ol' Putty Tat
Looney Tunes Golden Collection Volume 2 Disc 3 T02,Looney Tunes - S1950E16 - All A Bir-r-r-d
Looney Tunes Golden Collection Volume 2 Disc 3 T03,Looney Tunes - S1951E14 - Room and Bird
Looney Tunes Golden Collection Volume 2 Disc 3 T04,Looney Tunes - S1951E28 - Tweet Tweet Tweety
Looney Tunes Golden Collection Volume 2 Disc 3 T05,Looney Tunes - S1952E04 - Gift Wrapped
Looney Tunes Golden Collection Volume 2 Disc 3 T06,Looney Tunes - S1952E16 - Ain't She Tweet
Looney Tunes Golden Collection Volume 2 Disc 3 T07,Looney Tunes - S1952E21 - A Bird in a Guilty Cage
Looney Tunes Golden Collection Volume 2 Disc 3 T08,Looney Tunes - S1953E02 - Snow Business
Looney Tunes Golden Collection Volume 2 Disc 3 T09,Looney Tunes - S1947E07 - Tweetie Pie
Looney Tunes Golden Collection Volume 2 Disc 3 T10,Looney Tunes - S1946E11 - Kitty Kornered
Looney Tunes Golden Collection Volume 2 Disc 3 T11,Looney Tunes - S1946E05 - Baby Bottleneck
Looney Tunes Golden Collection Volume 2 Disc 3 T12,Looney Tunes - S1939E22 - Old Glory
Looney Tunes Golden Collection Volume 2 Disc 3 T13,Looney Tunes - S1946E15 - The Great Piggy Bank Robbery
Looney Tunes Golden Collection Volume 2 Disc 3 T14,Looney Tunes - S1944E12 - Duck Soup to Nuts
Looney Tunes Golden Collection Volume 2 Disc 3 T15,Looney Tunes - S1938E29 - Porky in Wackyland
Looney Tunes Golden Collection Volume 2 Disc 4 T01,Looney Tunes - S1948E08 - Back Alley Oproar
Looney Tunes Golden Collection Volume 2 Disc 4 T02,Looney Tunes - S1946E01 - Book Revue
Looney Tunes Golden Collection Volume 2 Disc 4 T03,Looney Tunes - S1943E22 - A Corny Concerto
Looney Tunes Golden Collection Volume 2 Disc 4 T04,Looney Tunes - S1938E19 - Have You Got Any Castles_
Looney Tunes Golden Collection Volume 2 Disc 4 T05,Looney Tunes - S1941E17 - Hollywood Steps Out
Looney Tunes Golden Collection Volume 2 Disc 4 T06,Looney Tunes - S1936E19 - I Love to Singa
Looney Tunes Golden Collection Volume 2 Disc 4 T07,Looney Tunes - S1938E17 - Katnip Kollege
Looney Tunes Golden Collection Volume 2 Disc 4 T08,Looney Tunes - S1942E32 - The Hep Cat
Looney Tunes Golden Collection Volume 2 Disc 4 T09,Looney Tunes - S1957E01 - Three Little Bops
Looney Tunes Golden Collection Volume 2 Disc 4 T10,Looney Tunes - S1955E31 - One Froggy Evening
Looney Tunes Golden Collection Volume 2 Disc 4 T11,Looney Tunes - S1946E24 - Rhapsody Rabbit
Looney Tunes Golden Collection Volume 2 Disc 4 T12,Looney Tunes - S1957E22 - Show Biz Bugs
Looney Tunes Golden Collection Volume 2 Disc 4 T13,Looney Tunes - S1944E27 - Stage Door Cartoon
Looney Tunes Golden Collection Volume 2 Disc 4 T14,"Looney Tunes - S1957E14 - What's Opera, Doc_"
Looney Tunes Golden Collection Volume 2 Disc 4 T15,Looney Tunes - S1940E16 - You Ought to Be in Pictures
Looney Tunes Golden Collection Volume 3 Disc 1 T01,Looney Tunes - S1944E17 - Hare Force
Looney Tunes Golden Collection Volume 3 Disc 1 T02,Looney Tunes - S1946E06 - Hare Remover
Looney Tunes Golden Collection Volume 3 Disc 1 T03,Looney Tunes - S1945E17 - Hare Tonic
Looney Tunes Golden Collection Volume 3 Disc 1 T04,Looney Tunes - S1947E05 - A Hare Grows in Manhattan
Looney Tunes Golden Collection Volume 3 Disc 1 T05,Looney Tunes - S1947E12 - Easter Yeggs
Looney Tunes Golden Collection Volume 3 Disc 1 T06,Looney Tunes - S1942E09 - The Wabbit Who Came to Supper
Looney Tunes Golden Collection Volume 3 Disc 1 T07,Looney Tunes - S1949E14 - Bowery Bugs
Looney Tunes Golden Collection Volume 3 Disc 1 T08,Looney Tunes - S1950E07 - Homeless Hare
Looney Tunes Golden Collection Volume 3 Disc 1 T09,Looney Tunes - S1942E39 - Case of the Missing Hare
Looney Tunes Golden Collection Volume 3 Disc 1 T10,Looney Tunes - S1946E13 - Acrobatty Bunny
Looney Tunes Golden Collection Volume 3 Disc 1 T11,Looney Tunes - S1943E17 - Wackiki Wabbit
Looney Tunes Golden Collection Volume 3 Disc 1 T12,Looney Tunes - S1949E02 - Hare Do
Looney Tunes Golden Collection Volume 3 Disc 1 T13,Looney Tunes - S1949E09 - Rebel Rabbit
Looney Tunes Golden Collection Volume 3 Disc 1 T14,Looney Tunes - S1950E19 - Hillbilly Hare
Looney Tunes Golden Collection Volume 3 Disc 1 T15,"Looney Tunes - S1953E24 - Duck! Rabbit, Duck!"
Looney Tunes Golden Collection Volume 3 Disc 2 T01,Looney Tunes - S1938E37 - Daffy Duck in Hollywood
Looney Tunes Golden Collection Volume 3 Disc 2 T02,Looney Tunes - S1935E20 - Hollywood Capers
Looney Tunes Golden Collection Volume 3 Disc 2 T03,Looney Tunes - S1936E30 - The CooCoo Nut Grove
Looney Tunes Golden Collection Volume 3 Disc 2 T04,Looney Tunes - S1937E04 - Porky's Road Race
Looney Tunes Golden Collection Volume 3 Disc 2 T05,Looney Tunes - S1937E34 - The Woods Are Full of Cuckoos
Looney Tunes Golden Collection Volume 3 Disc 2 T06,Looney Tunes - S1937E09 - She Was an Acrobat's Daughter
Looney Tunes Golden Collection Volume 3 Disc 2 T07,Looney Tunes - S1939E43 - The Film Fan
Looney Tunes Golden Collection Volume 3 Disc 2 T08,Looney Tunes - S1937E25 - Speaking of the Weather
Looney Tunes Golden Collection Volume 3 Disc 2 T09,Looney Tunes - S1939E15 - Thugs with Dirty Mugs
Looney Tunes Golden Collection Volume 3 Disc 2 T10,Looney Tunes - S1941E11 - Goofy Groceries
Looney Tunes Golden Collection Volume 3 Disc 2 T11,Looney Tunes - S1944E10 - Swooner Crooner
Looney Tunes Golden Collection Volume 3 Disc 2 T12,Looney Tunes - S1956E25 - Wideo Wabbit
Looney Tunes Golden Collection Volume 3 Disc 2 T13,Looney Tunes - S1956E28 - The Honey-Mousers
Looney Tunes Golden Collection Volume 3 Disc 2 T14,Looney Tunes - S1961E18 - The Last Hungry Cat
Looney Tunes Golden Collection Volume 3 Disc 2 T15,Looney Tunes - S1959E06 - The Mouse That Jack Built
Looney Tunes Golden Collection Volume 3 Disc 3 T01,Looney Tunes - S1935E04 - I Haven't Got a Hat
Looney Tunes Golden Collection Volume 3 Disc 3 T02,Looney Tunes - S1937E08 - Porky's Romance
Looney Tunes Golden Collection Volume 3 Disc 3 T03,Looney Tunes - S1938E18 - Porky's Party
Looney Tunes Golden Collection Volume 3 Disc 3 T04,Looney Tunes - S1938E33 - Porky in Egypt
Looney Tunes Golden Collection Volume 3 Disc 3 T05,Looney Tunes - S1939E14 - Porky and Teabiscuit
Looney Tunes Golden Collection Volume 3 Disc 3 T06,Looney Tunes - S1937E03 - Pigs Is Pigs
Looney Tunes Golden Collection Volume 3 Disc 3 T07,Looney Tunes - S1943E03 - Pigs in a Polka
Looney Tunes Golden Collection Volume 3 Disc 3 T08,Looney Tunes - S1943E18 - Porky Pig's Feat
Looney Tunes Golden Collection Volume 3 Disc 3 T09,Looney Tunes - S1948E06 - Daffy Duck Slept Here
Looney Tunes Golden Collection Volume 3 Disc 3 T10,"Looney Tunes - S1949E28 - Bye, Bye Bluebeard"
Looney Tunes Golden Collection Volume 3 Disc 3 T11,Looney Tunes - S1950E13 - An Egg Scramble
Looney Tunes Golden Collection Volume 3 Disc 3 T12,Looney Tunes - S1958E05 - Robin Hood Daffy
Looney Tunes Golden Collection Volume 3 Disc 3 T13,Looney Tunes - S1949E22 - The Windblown Hare
Looney Tunes Golden Collection Volume 3 Disc 3 T14,Looney Tunes - S1954E13 - Claws For Alarm
Looney Tunes Golden Collection Volume 3 Disc 3 T15,Looney Tunes - S1956E06 - Rocket Squad
Looney Tunes Golden Collection Volume 3 Disc 4 T01,Looney Tunes - S1939E13 - Daffy Duck and the Dinosaur
Looney Tunes Golden Collection Volume 3 Disc 4 T02,Looney Tunes - S1943E09 - Super-Rabbit
Looney Tunes Golden Collection Volume 3 Disc 4 T03,Looney Tunes - S1938E01 - Daffy Duck & Egghead
Looney Tunes Golden Collection Volume 3 Disc 4 T04,Looney Tunes - S1945E10 - A Gruesome Twosome
Looney Tunes Golden Collection Volume 3 Disc 4 T05,Looney Tunes - S1945E03 - Draftee Daffy
Looney Tunes Golden Collection Volume 3 Disc 4 T06,Looney Tunes - S1943E24 - Falling Hare
Looney Tunes Golden Collection Volume 3 Disc 4 T07,Looney Tunes - S1957E12 - Steal Wool
Looney Tunes Golden Collection Volume 3 Disc 4 T08,Looney Tunes - S1957E16 - Birds Anonymous
Looney Tunes Golden Collection Volume 3 Disc 4 T09,Looney Tunes - S1954E06 - No Barking
Looney Tunes Golden Collection Volume 3 Disc 4 T10,Looney Tunes - S1948E10 - Rabbit Punch
Looney Tunes Golden Collection Volume 3 Disc 4 T11,Looney Tunes - S1943E27 - An Itch in Time
Looney Tunes Golden Collection Volume 3 Disc 4 T12,Looney Tunes - S1945E01 - Odor-Able Kitty
Looney Tunes Golden Collection Volume 3 Disc 4 T13,Looney Tunes - S1946E18 - Walky Talky Hawky
Looney Tunes Golden Collection Volume 3 Disc 4 T14,Looney Tunes - S1957E24 - Gonzales' Tamales
Looney Tunes Golden Collection Volume 3 Disc 4 T15,Looney Tunes - S1963E17 - To Beep or Not to Beep
Looney Tunes Golden Collection Volume 4 Disc 1 T01,Looney Tunes - S1955E27 - Roman Legion-Hare
Looney Tunes Golden Collection Volume 4 Disc 1 T02,Looney Tunes - S1949E20 - The Grey Hounded Hare
Looney Tunes Golden Collection Volume 4 Disc 1 T03,Looney Tunes - S1949E34 - Rabbit Hood
Looney Tunes Golden Collection Volume 4 Disc 1 T04,Looney Tunes - S1952E02 - Operation_ Rabbit
Looney Tunes Golden Collection Volume 4 Disc 1 T05,Looney Tunes - S1955E24 - Knight-Mare Hare
Looney Tunes Golden Collection Volume 4 Disc 1 T06,Looney Tunes - S1953E11 - Southern Fried Rabbit
Looney Tunes Golden Collection Volume 4 Disc 1 T07,Looney Tunes - S1949E06 - Mississippi Hare
Looney Tunes Golden Collection Volume 4 Disc 1 T08,Looney Tunes - S1950E02 - Hurdy-Gurdy Hare
Looney Tunes Golden Collection Volume 4 Disc 1 T09,Looney Tunes - S1953E04 - Forward March Hare
Looney Tunes Golden Collection Volume 4 Disc 1 T10,Looney Tunes - S1955E08 - Sahara Hare
Looney Tunes Golden Collection Volume 4 Disc 1 T11,Looney Tunes - S1956E17 - Barbary-Coast Bunny
Looney Tunes Golden Collection Volume 4 Disc 1 T12,Looney Tunes - S1956E29 - To Hare is Human
Looney Tunes Golden Collection Volume 4 Disc 1 T13,Looney Tunes - S1950E14 - 8 Ball Bunny
Looney Tunes Golden Collection Volume 4 Disc 1 T14,Looney Tunes - S1958E13 - Knighty Knight Bugs
Looney Tunes Golden Collection Volume 4 Disc 1 T15,Looney Tunes - S1957E25 - Rabbit Romeo
Looney Tunes Golden Collection Volume 4 Disc 2 T01,Looney Tunes - S1937E31 - The Case of the Stuttering Pig
Looney Tunes Golden Collection Volume 4 Disc 2 T02,Looney Tunes - S1938E30 - Little Pancho Vanilla
Looney Tunes Golden Collection Volume 4 Disc 2 T03,Looney Tunes - S1936E29 - Little Beau Porky
Looney Tunes Golden Collection Volume 4 Disc 2 T04,Looney Tunes - S1938E13 - Now That Summer Is Gone
Looney Tunes Golden Collection Volume 4 Disc 2 T05,Looney Tunes - S1936E32 - Porky in the North Woods
Looney Tunes Golden Collection Volume 4 Disc 2 T06,Looney Tunes - S1938E34 - You're an Education
Looney Tunes Golden Collection Volume 4 Disc 2 T07,Looney Tunes - S1937E22 - Porky's Railroad
Looney Tunes Golden Collection Volume 4 Disc 2 T08,Looney Tunes - S1944E22 - Plane Daffy
Looney Tunes Golden Collection Volume 4 Disc 2 T09,Looney Tunes - S1938E16 - Porky the Fireman
Looney Tunes Golden Collection Volume 4 Disc 2 T10,Looney Tunes - S1938E27 - Cracked Ice
Looney Tunes Golden Collection Volume 4 Disc 2 T11,Looney Tunes - S1943E28 - Puss N' Booty
Looney Tunes Golden Collection Volume 4 Disc 2 T12,Looney Tunes - S1944E06 - I Got Plenty of Mutton
Looney Tunes Golden Collection Volume 4 Disc 2 T13,Looney Tunes - S1944E24 - Booby Hatched
Looney Tunes Golden Collection Volume 4 Disc 2 T14,Looney Tunes - S1936E22 - Porky's Poultry Plant
Looney Tunes Golden Collection Volume 4 Disc 2 T15,Looney Tunes - S1944E26 - The Stupid Cupid
Looney Tunes Golden Collection Volume 4 Disc 3 T01,Looney Tunes - S1953E21 - Cat-Tails For Two
Looney Tunes Golden Collection Volume 4 Disc 3 T02,Looney Tunes - S1957E15 - Tabasco Road
Looney Tunes Golden Collection Volume 4 Disc 3 T03,Looney Tunes - S1958E02 - Tortilla Flaps
Looney Tunes Golden Collection Volume 4 Disc 3 T04,Looney Tunes - S1959E12 - Mexicali Shmoes
Looney Tunes Golden Collection Volume 4 Disc 3 T05,"Looney Tunes - S1959E16 - Here Today, Gone Tamale"
Looney Tunes Golden Collection Volume 4 Disc 3 T06,Looney Tunes - S1960E02 - West of the Pesos
Looney Tunes Golden Collection Volume 4 Disc 3 T07,Looney Tunes - S1961E01 - Cannery Woe
Looney Tunes Golden Collection Volume 4 Disc 3 T08,Looney Tunes - S1961E13 - The Pied Piper of Guadalupe
Looney Tunes Golden Collection Volume 4 Disc 3 T09,Looney Tunes - S1962E06 - Mexican Boarders
Looney Tunes Golden Collection Volume 4 Disc 3 T10,Looney Tunes - S1963E11 - Chili Weather
Looney Tunes Golden Collection Volume 4 Disc 3 T11,Looney Tunes - S1964E02 - A Message To Gracias
Looney Tunes Golden Collection Volume 4 Disc 3 T12,Looney Tunes - S1964E06 - Nuts and Volts
Looney Tunes Golden Collection Volume 4 Disc 3 T13,Looney Tunes - S1964E12 - Pancho's Hideaway
Looney Tunes Golden Collection Volume 4 Disc 3 T14,Looney Tunes - S1965E05 - The Wild Chase
Looney Tunes Golden Collection Volume 4 Disc 3 T15,Looney Tunes - S1966E09 - A-Haunting We Will Go
Looney Tunes Golden Collection Volume 4 Disc 4 T01,Looney Tunes - S1938E35 - The Night Watchman
Looney Tunes Golden Collection Volume 4 Disc 4 T02,Looney Tunes - S1942E07 - Conrad the Sailor
Looney Tunes Golden Collection Volume 4 Disc 4 T03,Looney Tunes - S1940E34 - The Sour Puss
Looney Tunes Golden Collection Volume 4 Disc 4 T04,Looney Tunes - S1943E16 - The Aristo-Cat
Looney Tunes Golden Collection Volume 4 Disc 4 T05,Looney Tunes - S1948E21 - Dough Ray Me-ow
Looney Tunes Golden Collection Volume 4 Disc 4 T06,Looney Tunes - S1955E01 - Pizzicato Pussycat
Looney Tunes Golden Collection Volume 4 Disc 4 T07,Looney Tunes - S1953E05 - Kiss Me Cat
Looney Tunes Golden Collection Volume 4 Disc 4 T08,Looney Tunes - S1958E20 - Cat Feud
Looney Tunes Golden Collection Volume 4 Disc 4 T09,Looney Tunes - S1956E13 - The Unexpected Pest
Looney Tunes Golden Collection Volume 4 Disc 4 T10,Looney Tunes - S1957E05 - Go Fly a Kit
Looney Tunes Golden Collection Volume 4 Disc 4 T11,Looney Tunes - S1952E10 - Kiddin' the Kitten
Looney Tunes Golden Collection Volume 4 Disc 4 T12,Looney Tunes - S1953E08 - A Peck O' Trouble
Looney Tunes Golden Collection Volume 4 Disc 4 T13,Looney Tunes - S1960E11 - Mouse and Garden
Looney Tunes Golden Collection Volume 4 Disc 4 T14,Looney Tunes - S1940E13 - Porky's Poor Fish
Looney Tunes Golden Collection Volume 4 Disc 4 T15,Looney Tunes - S1949E27 - Swallow the Leader
Looney Tunes Golden Collection Volume 5 Disc 1 T01,Looney Tunes - S1952E07 - 14 Carrot Rabbit
Looney Tunes Golden Collection Volume 5 Disc 1 T02,Looney Tunes - S1957E04 - Ali Baba Bunny
Looney Tunes Golden Collection Volume 5 Disc 1 T03,Looney Tunes - S1948E13 - Buccaneer Bunny
Looney Tunes Golden Collection Volume 5 Disc 1 T04,Looney Tunes - S1956E01 - Bugs' Bonnets
Looney Tunes Golden Collection Volume 5 Disc 1 T05,Looney Tunes - S1956E22 - A Star is Bored
Looney Tunes Golden Collection Volume 5 Disc 1 T06,Looney Tunes - S1947E14 - A Pest in the House
Looney Tunes Golden Collection Volume 5 Disc 1 T07,Looney Tunes - S1963E16 - Transylvania 6-5000
Looney Tunes Golden Collection Volume 5 Disc 1 T08,Looney Tunes - S1952E17 - Oily Hare
Looney Tunes Golden Collection Volume 5 Disc 1 T09,Looney Tunes - S1956E16 - Stupor Duck
Looney Tunes Golden Collection Volume 5 Disc 1 T10,Looney Tunes - S1948E30 - The Stupor Salesman
Looney Tunes Golden Collection Volume 5 Disc 1 T11,Looney Tunes - S1961E08 - The Abominable Snow Rabbit
Looney Tunes Golden Collection Volume 5 Disc 1 T12,Looney Tunes - S1952E26 - The Super Snooper
Looney Tunes Golden Collection Volume 5 Disc 1 T13,Looney Tunes - S1948E17 - The Up-Standing Sitter
Looney Tunes Golden Collection Volume 5 Disc 1 T14,Looney Tunes - S1946E12 - Hollywood Daffy
Looney Tunes Golden Collection Volume 5 Disc 1 T15,Looney Tunes - S1948E20 - You Were Never Duckier
Looney Tunes Golden Collection Volume 5 Disc 2 T01,Looney Tunes - S1954E18 - Bewitched Bunny
Looney Tunes Golden Collection Volume 5 Disc 2 T02,Looney Tunes - S1949E07 - Paying the Piper
Looney Tunes Golden Collection Volume 5 Disc 2 T03,Looney Tunes - S1940E11 - The Bear's Tale
Looney Tunes Golden Collection Volume 5 Disc 2 T04,Looney Tunes - S1942E24 - Foney Fables
Looney Tunes Golden Collection Volume 5 Disc 2 T05,Looney Tunes - S1960E05 - Goldimouse and the Three Cats
Looney Tunes Golden Collection Volume 5 Disc 2 T06,Looney Tunes - S1946E03 - Holiday for Shoestrings
Looney Tunes Golden Collection Volume 5 Disc 2 T07,Looney Tunes - S1952E13 - Little Red Rodent Hood
Looney Tunes Golden Collection Volume 5 Disc 2 T08,Looney Tunes - S1937E32 - Little Red Walking Hood
Looney Tunes Golden Collection Volume 5 Disc 2 T09,Looney Tunes - S1955E26 - Red Riding Hoodwinked
Looney Tunes Golden Collection Volume 5 Disc 2 T10,Looney Tunes - S1941E14 - The Trial of Mr Wolf
Looney Tunes Golden Collection Volume 5 Disc 2 T11,Looney Tunes - S1952E18 - The Turn-Tale Wolf
Looney Tunes Golden Collection Volume 5 Disc 2 T12,Looney Tunes - S1940E18 - Tom Thumb in Trouble
Looney Tunes Golden Collection Volume 5 Disc 2 T13,Looney Tunes - S1957E10 - Tweety and the Beanstalk
Looney Tunes Golden Collection Volume 5 Disc 2 T14,Looney Tunes - S1940E17 - A Gander at Mother Goose
Looney Tunes Golden Collection Volume 5 Disc 2 T15,Looney Tunes - S1964E11 - Senorella And The Glass Huarache
Looney Tunes Golden Collection Volume 5 Disc 3 T01,Looney Tunes - S1946E16 - Bacall to Arms
Looney Tunes Golden Collection Volume 5 Disc 3 T02,Looney Tunes - S1944E20 - Buckaroo Bugs
Looney Tunes Golden Collection Volume 5 Disc 3 T03,Looney Tunes - S1942E08 - Crazy Cruise
Looney Tunes Golden Collection Volume 5 Disc 3 T04,Looney Tunes - S1941E16 - Farm Frolics
Looney Tunes Golden Collection Volume 5 Disc 3 T05,Looney Tunes - S1944E15 - Hare Ribbin'
Looney Tunes Golden Collection Volume 5 Disc 3 T06,Looney Tunes - S1940E26 - Patient Porky
Looney Tunes Golden Collection Volume 5 Disc 3 T07,Looney Tunes - S1940E31 - Prehistoric Porky
Looney Tunes Golden Collection Volume 5 Disc 3 T08,Looney Tunes - S1945E15 - The Bashful Buzzard
Looney Tunes Golden Collection Volume 5 Disc 3 T09,Looney Tunes - S1944E25 - The Old Grey Hare
Looney Tunes Golden Collection Volume 5 Disc 3 T10,Looney Tunes - S1942E14 - The Wacky Wabbit
Looney Tunes Golden Collection Volume 5 Disc 3 T11,Looney Tunes - S1943E11 - The Wise Quacking Duck
Looney Tunes Golden Collection Volume 5 Disc 3 T12,Looney Tunes - S1945E12 - Wagon Heels
Looney Tunes Golden Collection Volume 5 Disc 3 T13,Looney Tunes - S1938E36 - The Daffy Doc
Looney Tunes Golden Collection Volume 5 Disc 3 T14,Looney Tunes - S1942E36 - A Tale of Two Kitties
Looney Tunes Golden Collection Volume 5 Disc 3 T15,Looney Tunes - S1941E41 - Porky's Pooch
Looney Tunes Golden Collection Volume 5 Disc 4 T01,Looney Tunes - S1936E06 - Alpine Antics
Looney Tunes Golden Collection Volume 5 Disc 4 T02,Looney Tunes - S1942E28 - Eatin' on the Cuff or The Moth Who Came to Dinner
Looney Tunes Golden Collection Volume 5 Disc 4 T03,Looney Tunes - S1936E26 - Milk and Money
Looney Tunes Golden Collection Volume 5 Disc 4 T04,Looney Tunes - S1933E19 - I've Got to Sing a Torch Song
Looney Tunes Golden Collection Volume 5 Disc 4 T05,Looney Tunes - S1938E04 - Porky at the Crocadero
Looney Tunes Golden Collection Volume 5 Disc 4 T06,Looney Tunes - S1939E19 - Polar Pals
Looney Tunes Golden Collection Volume 5 Disc 4 T07,Looney Tunes - S1943E20 - Scrap Happy Daffy
Looney Tunes Golden Collection Volume 5 Disc 4 T08,Looney Tunes - S1937E33 - Porky's Double Trouble
Looney Tunes Golden Collection Volume 5 Disc 4 T09,Looney Tunes - S1935E21 - Gold Diggers of '49
Looney Tunes Golden Collection Volume 5 Disc 4 T10,Looney Tunes - S1940E08 - Pilgrim Porky
Looney Tunes Golden Collection Volume 5 Disc 4 T11,Looney Tunes - S1939E26 - Wise Quacks
Looney Tunes Golden Collection Volume 5 Disc 4 T12,Looney Tunes - S1941E13 - Porky's Preview
Looney Tunes Golden Collection Volume 5 Disc 4 T13,Looney Tunes - S1938E02 - Porky's Poppa
Looney Tunes Golden Collection Volume 5 Disc 4 T14,Looney Tunes - S1938E25 - Wholly Smoke
Looney Tunes Golden Collection Volume 5 Disc 4 T15,Looney Tunes - S1938E06 - What Price Porky
Looney Tunes Golden Collection Volume 6 Disc 1 T01,Looney Tunes - S1945E08 - Hare Trigger
Looney Tunes Golden Collection Volume 6 Disc 1 T02,Looney Tunes - S1943E05 - To Duck or Not to Duck
Looney Tunes Golden Collection Volume 6 Disc 1 T03,Looney Tunes - S1947E06 - Birth of a Notion
Looney Tunes Golden Collection Volume 6 Disc 1 T04,Looney Tunes - S1954E27 - My Little Duckaroo
Looney Tunes Golden Collection Volume 6 Disc 1 T05,Looney Tunes - S1947E13 - Crowing Pains
Looney Tunes Golden Collection Volume 6 Disc 1 T06,Looney Tunes - S1956E20 - Raw! Raw! Rooster
Looney Tunes Golden Collection Volume 6 Disc 1 T07,Looney Tunes - S1956E08 - Heaven Scent
Looney Tunes Golden Collection Volume 6 Disc 1 T08,Looney Tunes - S1942E38 - My Favorite Duck
Looney Tunes Golden Collection Volume 6 Disc 1 T09,Looney Tunes - S1955E19 - Jumpin' Jupiter
Looney Tunes Golden Collection Volume 6 Disc 1 T10,Looney Tunes - S1954E19 - Satan's Waitin'
Looney Tunes Golden Collection Volume 6 Disc 1 T11,"Looney Tunes - S1958E16 - Hook, Line, and Stinker"
Looney Tunes Golden Collection Volume 6 Disc 1 T12,Looney Tunes - S1949E32 - Bear Feat
Looney Tunes Golden Collection Volume 6 Disc 1 T13,Looney Tunes - S1950E20 - Dog Gone South
Looney Tunes Golden Collection Volume 6 Disc 1 T14,Looney Tunes - S1949E33 - A Ham in a Role
Looney Tunes Golden Collection Volume 6 Disc 1 T15,Looney Tunes - S1949E21 - Often an Orphan
Looney Tunes Golden Collection Volume 6 Disc 2 T01,Looney Tunes - S1945E02 - Herr Meets Hare
Looney Tunes Golden Collection Volume 6 Disc 2 T02,Looney Tunes - S1944E11 - Russian Rhapsody
Looney Tunes Golden Collection Volume 6 Disc 2 T03,Looney Tunes - S1943E26 - Daffy- The Commando
Looney Tunes Golden Collection Volume 6 Disc 2 T04,Looney Tunes - S1931E12 - Bosko the Doughboy
Looney Tunes Golden Collection Volume 6 Disc 2 T05,Looney Tunes - S1941E35 - Rookie Revue
Looney Tunes Golden Collection Volume 6 Disc 2 T06,Looney Tunes - S1942E15 - The Draft Horse
Looney Tunes Golden Collection Volume 6 Disc 2 T07,Looney Tunes - S1942E23 - Wacky Blackout
Looney Tunes Golden Collection Volume 6 Disc 2 T08,Looney Tunes - S1942E25 - The Ducktators
Looney Tunes Golden Collection Volume 6 Disc 2 T09,Looney Tunes - S1944E07 - The Weakly Reporter
Looney Tunes Golden Collection Volume 6 Disc 2 T10,Looney Tunes - S1943E06 - The Fifth-Column Mouse
Looney Tunes Golden Collection Volume 6 Disc 2 T11,Looney Tunes - S1941E22 - Meet John Doughboy
Looney Tunes Golden Collection Volume 6 Disc 2 T12,Looney Tunes - S1946E08 - Hollywood Canine Canteen
Looney Tunes Golden Collection Volume 6 Disc 2 T13,Looney Tunes - S1954E24 - By Word of Mouse
Looney Tunes Golden Collection Volume 6 Disc 2 T14,Looney Tunes - S1955E28 - Heir-Conditioned
Looney Tunes Golden Collection Volume 6 Disc 2 T15,Looney Tunes - S1956E24 - Yankee Dood It
Looney Tunes Golden Collection Volume 6 Disc 3 T01,Looney Tunes - S1930E02 - Congo Jazz
Looney Tunes Golden Collection Volume 6 Disc 3 T02,"Looney Tunes - S1931E09 - Smile, Darn Ya, Smile!"
Looney Tunes Golden Collection Volume 6 Disc 3 T03,Looney Tunes - S1930E04 - The Booze Hangs High
Looney Tunes Golden Collection Volume 6 Disc 3 T04,Looney Tunes - S1931E11 - One More Time
Looney Tunes Golden Collection Volume 6 Disc 3 T05,Looney Tunes - S1933E16 - Bosko's Picture Show
Looney Tunes Golden Collection Volume 6 Disc 3 T06,Looney Tunes - S1931E13 - You Don't Know What You're Doin'!
Looney Tunes Golden Collection Volume 6 Disc 3 T07,Looney Tunes - S1933E15 - We're in the Money
Looney Tunes Golden Collection Volume 6 Disc 3 T08,"Looney Tunes - S1932E20 - Ride Him, Bosko!"
Looney Tunes Golden Collection Volume 6 Disc 3 T09,Looney Tunes - S1933E13 - Shuffle Off to Buffalo
Looney Tunes Golden Collection Volume 6 Disc 3 T10,Looney Tunes - S1933E04 - Bosko in Person
Looney Tunes Golden Collection Volume 6 Disc 3 T11,Looney Tunes - S1933E14 - The Dish Ran Away with the Spoon
Looney Tunes Golden Collection Volume 6 Disc 3 T12,Looney Tunes - S1933E17 - Buddy's Day Out
Looney Tunes Golden Collection Volume 6 Disc 3 T13,Looney Tunes - S1933E21 - Buddy's Beer Garden
Looney Tunes Golden Collection Volume 6 Disc 3 T14,Looney Tunes - S1934E20 - Buddy's Circus
Looney Tunes Golden Collection Volume 6 Disc 3 T15,Looney Tunes - S1935E18 - A Cartoonist's Nightmare
Looney Tunes Golden Collection Volume 6 Disc 4 T01,Looney Tunes - S1942E11 - Horton Hatches the Egg
Looney Tunes Golden Collection Volume 6 Disc 4 T02,Looney Tunes - S1942E16 - Lights Fantastic
Looney Tunes Golden Collection Volume 6 Disc 4 T03,Looney Tunes - S1945E14 - Fresh Airedale
Looney Tunes Golden Collection Volume 6 Disc 4 T04,Looney Tunes - S1951E15 - Chow Hound
Looney Tunes Golden Collection Volume 6 Disc 4 T05,Looney Tunes - S1954E17 - The Oily American
Looney Tunes Golden Collection Volume 6 Disc 4 T06,Looney Tunes - S1950E17 - It's Hummer Time
Looney Tunes Golden Collection Volume 6 Disc 4 T07,Looney Tunes - S1956E18 - Rocket-Bye Baby
Looney Tunes Golden Collection Volume 6 Disc 4 T08,Looney Tunes - S1954E23 - Goo Goo Goliath
Looney Tunes Golden Collection Volume 6 Disc 4 T09,Looney Tunes - S1954E05 - Wild Wife
Looney Tunes Golden Collection Volume 6 Disc 4 T10,Looney Tunes - S1953E13 - Much Ado About Nutting
Looney Tunes Golden Collection Volume 6 Disc 4 T11,Looney Tunes - S1955E10 - The Hole Idea
Looney Tunes Golden Collection Volume 6 Disc 4 T12,Looney Tunes - S1963E06 - Now Hear This
Looney Tunes Golden Collection Volume 6 Disc 4 T13,Looney Tunes - S1962E17 - Martian Through Georgia
Looney Tunes Golden Collection Volume 6 Disc 4 T14,Looney Tunes - S1936E05 - Page Miss Glory
Looney Tunes Golden Collection Volume 6 Disc 4 T15,Looney Tunes - S1968E02 - Norman Normal